0x43f3bc34480a1dd786a07a93e47bdd7fc4b6169d93f2c07f009d3a539ec81a77,19701103
0x00338464361d28dae1dce98b37e758a3357cbdd47de29038b0c99a8e2e593627,737030386
0xc271b37650f171bfb72f02b88a876280002e34bca525474b3f180905268002c4,106389723
0xa283c4964e24b5ae62c7c5bdae05fda325e86534f3b0ba262b63ab4966a54921,948146294
0x7d011ff2f01b5f508a9ab8d9abbe681dd2480edc168ecb47315ed90276f43a69,590869336
0xb90c0acf4f370317f19b58cb12fe1b247910f489f3c0087a0cf617e6e5f61ef4,129096440
0x9936fd308c67506de86fdaea9cff245f386366bf849b3deac23b815d34842bad,284245952
0x0fea889e122eb2654b1ee519958b18d731321279f2e89475d37e88096c857556,956711735
0xac152dd89a03841aae171b518a04e3acb4ad4e51d8d672b7d9692d9202afee46,93761634
0x5758107878d9c3c5ba17d8bf9112ec8bf9fc96f99afded7ece2b1a39319731c3,641171661
0x5ff8efd86b6e8cb1b70f898fdf7de32213e3b9ec9d550c34e6d146fe6874d7c6,53011539
0x5f8923e3b5e0ba51fd41cbc493158af258bed850cf1e42fbf9f949f4bb92653c,347200783
0x2e6abe06ce88c1a5ac9243cb4f8eb4ed531f5579ee944195518cf057caf28e5a,616312134
0x8040e0d0a92f2ed5fc682f683933f4062a14d013f752832e6c02b882c64702fb,150940428
0xb2fba24f2adc1529ef9cae1fc6e924659dcbb3914b30200c052f3b18d7fb5e18,116516496
0xd22bdeb9f5a5d30992a3847fb9b916f39dd16c88530fe2b2c381272a0868f902,606756958
0x2c0ad3016bfd68f6515e42aed796ce7a906e5189e12b43196213b4710890566b,358157557
0x9dfa752554090cc6741416e40256fd1a2c41a8edbdbacd2421f347fbd8eed1ac,601315758
0x08053fd829cac969eef6dc244112bb5d99225ff92ebfe983bbba93b835c801d3,972999546
0x6f9d1db67a0fcb83c2685f0a4d081f4da0a3683c593092a47357cce620ccd400,428604830
0x31e55b96918f51100c9da5c7a83a07ad19b949f0e71f9731686d50fc7a959681,117059056
0xa2be797ee334277443a9666262882ce7e570a81adbf76c69af2949ff602963e1,447080595
0x9b8c2cbad5ea2bd9e76c3578ab11050cafd0369dee1f3f90a3c4568db04318cc,530883587
0xe8a5229d1eb4516d01b983be4a9cf49291d3372a107a9f6dacbade13695e180e,16912436
0x018fd89dc379937bf560a3664c14c16e224b9f753ed115f546bf978f504d1511,981878625
0x4920a81fb3b9173cc34043ac41d0cf9eca7c9ad8671dd06e63cdb9f290564ce3,736823626
0xe4f9bfed8024b1ab29d1fa39dec0bc5cf1c909f5a3df0599ad60e388d1965f1c,606818094
0xa42b6f5043fda7b35505334664c1d36d1e36409c4d3f0e64a98b6dacb8abe5d7,520207707
0x302d17c7a7d8dc1954160bb07adadbc86aae853b0f6fed9e8bf17073a83ee6a6,94159318
0x2347408d9302c5005790208870355aa86d9190e54b8f4e6ecd3688b167cc2933,189925747
0x50cc1eee90edc288052bca49ed1efde8b3f43a750c0bdb46ad0ab904a012a5c4,324271504
0x37e46ec3e817d5fa1b58bd4099eeec9d243b7412d9c1766be7a9cd2e3d5b59c8,79418825
0xfc065760aecaec9158db652b798da95ee5e827366555b34f51362e4f978a6bb5,561666817
0x3a044cf89df82845d5ff34c37b2760a5ec7e22bdb31d1f2e5f52d816a1ea2560,89699789
0xe0d5fa08f504dbbc762b2092163d91468732d7b1edb0ec1f6d0df9f6554272b4,741580777
0x223be6d04b0ca0ef3a47c2a4f6aa63a7e6847e4ad4542802859c9338debd47b4,621187521
0x814bee53f40875592b90ea28f8ae34a4ed34087f0e69c6aacb524e84e754a1ab,772775940
0xf149e645e4c4cb28f858d16d509100536056d1c3f9791c2ba790b52a84c97e91,956711909
0xed90a9fd5fadd69125c372b52b77582dceca59a588d061eb55b5b243569ca26a,93449622
0x127ce30bdec21d08dcf1368ec60c91406377dfe6730c49412bcd04e685abb82e,880036957
0x280c6f564fe9f9f6cc07d9ed7415526ebc8dbf3099af9b4301b89708af398e88,369191034
0x7db150b713ab39ed64b84f479ee0f2e99076c33bbca17d08145eddb2cafddd2c,791889121
0xe440cbec6037d80cc857c8897e44e0dcf305452be4e79618f3deec4381657d3a,988544652
0xd39b907334afa7330ea1d60dba24ce481b831491fbc48a7e363d822c389b976b,901256976
0xa38c57ffc35bb36b622007f3dd7fe891b6b137033d5f5c4cd4efe0aae97d8a92,142018263
0x1088c5243320f681810c44c113e5a883b7b78acf0faad45fde69d5558fb1d11b,234025408
0x28abb0b948260357c4ce5a44a97ef4c91cb3270776a163629a8bf247d8da9aec,386272641
0x4f510008462c9fa7d8635e66373d5303d998b45df7b26ce41fc80989ca6f3d1e,332363143
0x54b94e96e07ffe626820c7ada796a82c03be0307234d8e1271f8cbcb814f045c,942659252
0xa2626b266c4105b40cc4f3e2dedb9e7021b6d72e5b5c2f7c2091078e77a9e3eb,906587110
0x9a42b2b5aa73f253b859486621e93fd610a0cfec0b740e00bd1804aebeaae0c9,566944411
0xfc0ccbccd1b1b1f3544c1301fcc2c224efc12e735b6a919f292c4b03dee1c436,790943033
0x64ed3e48afe546683f5bc09d0ef204083835d3f945fa4a308478ecc40114ddd3,891948806
0x0cf4d0e96a49d3a716fcb15c0d1f6e05f05f2fe36c3647728f9e918fc2b19eb1,426813354
0x98a28d09d67010f33cc8f16f546d726a3ef8aa9ea5f591fd7b4ea4f0386f55aa,693884764
0x5b0d67bd07ca8fcb0793cbc7263ec8ff5a9229d3177aa4738d36ca35f307e710,703727654
0x6540b04e04a33898b3ebf7e444f344fd21ed3f38d5da24531c98de8fa5b7d87b,82114747
0xc0cf8008a4dba09389fab46ad24e65298c7de8ef2a874d031ef00c96d89f6065,526553730
0x2d6ba45d3eb9460be970b3c9e6b355147c3b9870999c7eefb6ed580d71d04a4a,408214754
0xfe884271d78978738123a8289741aebb4b67e4c28370812400ff942eee8becb3,558360225
0x1e4204b0fb2c19c2a7a47f618f17797dd8bde7040cb6c588eed68040601fa6dd,322247813
0xb4d6aa910c2246c4e02040d9923a33ed2ebebced733de407db232f7f1718a107,819790369
0x28b42aa0ab663b9f4f15ee66a51d8badcda6a4d9cced660d8b908af3d520b2bf,541555279
0x3eb7a144144109ffcdf55493f7ef051871a5534359631a86873f4559eca62201,619565188
0xea6c583b5ef4e30103ed37288d5578d964654030be7cf82d7ea07afb7ac57a03,388990280
0xbb6942626b8198ea6fb920241f90b628599da3fb275f0cdb9da592ac15929916,896585355
0x9d70dbb9a3735291d09ef9cb0fdbabefc81b4a53617b1bc4056e5b9584b1e524,538853922
0x319552b672af14181f1f9647bd8372c0f4bc9777d60746a1301f86938097e9b5,956861757
0xd71d241dc344b97238a1509dd86afadd2cb429560985c47056704ba829f8163b,171917822
0x224eec1895779192fd4ddae9414db378f0365e1b9fad174b40b4e9abca63fff2,469042381
0xe66f6f3b0aed713d075b36c2e60ac8fcb4cd91598d87d5c26338f4b3fbfcddfe,439633897
0x5a68e76e783161f850e85c774c4b333cfad47afb7956c9c80fe69458ab9b773e,329108078
0xdad594461b69a009f39fb79d02074651a3c169097e32ab84c96f4edb62cde717,327561619
0x9fb60d127997e17259a4d21507f7275a81d2223defc1181cc6e87b39db114cef,155598191
0x8badc9d371e75fd0fd1a845af1bc34f6543262094c471e48c1f00e58c5ee7264,18259060
0x9286e5f650f6901606cdc3a367a1e6423ef92f6e45f4ad4ce52cd7d4e1c6b81c,653236532
0x171f1f1adc4dbc24571d3118cffe5e35265f95fc1065aa01c7092dfa2a934df1,455695850
0xd032a5273fea161362603d5e640a683779de7056178cdcc05a7a2c00fd334586,505628199
0x8ce3b3cb618d1bebeaeffa743cb0fbd59892782d2073a3ba35c72e9ba739c890,974888196
0x0ee6e3c0239033ce6fe7a3bc92cc7a90982cc533fcdce06698866277c84adabb,19456264
0x1ac85d2d561e1a7c5340cbd86de2fa45c0c2ad064df93bcf916b06d6ba6d2803,2983823
0x0cc5f7d1ff6356fa0a1c24ba6a2829c41b0fb114bb64b59eb3fdf512eb55122b,394820322
0x750b0a243f080e6cfc7033d15733d47087de9c032e51b4d178b188c8f6dd21ab,629576360
0x682602bbdb7cc880d0238185406174bb3905d9781325214e9a829719c88cf6a2,732061121
0xd74d577727d91bafacfcde9d5bbe939f371c1cec97672ebce38c8367fc498379,506333148
0x1a331a4a1a0bb2956039e840f4151cfe4f39cee6691f119b8db0e1849f969453,934357818
0xa2c2344dc70020ffcf07073403fc37cff094228f5127ed4fb0e109700460a517,595675640
0xb51b87f31198977139ae7159828391c8e4e22082647f4c13bf04a65b9fd25e1d,160641206
0x2b65cbd34680ba02a9cea91c5eb702de6cff00bfc6d2e59f7cd1a13f4ccfdd47,127954553
0x51c773f32bd3a021072b5eda93cf0420a556d15003af07c728a643f2223fc25f,432990253
0x1f53b8f105be1d875ce4cbd64a1f74f44aa4ddd7b70ebee96bbab796afea7ac2,834678149
0xda7de070c6a27f48c87f8aca395f15a73e0b5379beecb04372f9b15e4ff58a2f,874272133
0xadb080e41eaf52750d394d24cbc423de2dc1ef0af2227637a52864058a417eae,58277665
0x8fa772d16dfbd2e0049136ce2c82ad1e272402c5e4c1ebe507c2d2a71fa56234,945536425
0x4277770b3b5b9a7433a6ad9bfca9ab2d4664fa4c9e84ef02f7e371bd13cbc176,392615668
0x89ecf8a50b95e9a32919e9b8f8861f2eebb525f834ddecd0ffdb791cd82eee6f,367190354
0xfdda20250f613454d4f14f529ac25160b4d5364089fd2477797958d8585aeeef,312706972
0xd373f4a1477105f12ff1db66cee5a105867050adfff9b7c5c81cb0e7f08a66d0,938226599
0xb2e5a02bd42b43947b8ff5eb7b49dda7efc8c12b761d6d8dd5b9fd3d3d456761,84126307
0x1aacb54a1a6ec0dcaa8a1c031f5e6242f8eff9c4d307af6823a89a039c091df3,383741150
0xd0e913e1525636a361897c513198b71295602d36ce5488307dd0876a390494fa,542636166
0x4632124daaceb0f8dafea31da81f28fbec5f4ceb771847dcef5583e318af317e,925261714
0x5fb97409e23527ffd91a7da8a100a11bcdf98e25b976985a987a09520dc9ce04,971102400
0xbde1138ed64b8e0f2f6913d6ee307df76931e9382740aedb8810c4f363396629,306351731
0x33a98b526cc445174b668e3cc5d05be93a07676d1213ea0289acb8c0551150a2,100148638
0x7503f82c85f458ada1d2dc2238556f3636f094309af720e8dd9abf6af136acce,305758699
0x28ee2418e96442768bfc67a2932ea2d5cdc8bc8e0db35bbc90f767de5c0dd25a,152070248
0x9a2a3136fb141981f2d3f6c2fbe8a48d325b338e6a87622d7436baf2d52f2ad4,550389293
0x2d1322ab63cb1395f1fdb72acd64f6a4b1897cc47a6e021ef7b5750221fd5e79,806508986
0x4682fd3475667794eba0bd82c1f5a3aac0471b9563fc3100953b5a3406849659,644746856
0xc6984fbd37bc915777b692131620c43d1067ff517e05b6f453d7a7a4dfc2fad7,11536163
0xec0c85620ff490e86a2293cc85f4913e537cd5370504aff96071075de964c879,78233386
0x997b01d792b9b4a6163a553f4efe77e505bd9a69a78642fa33ada221c740e185,737022280
0xca1e1d6637e2f90634372e2bbc9786f3ad5a3e297e31fb1c990ba3cc6a9f2cb8,453102600
0xe2f7c7d297e6f8d03b1abbf668e51000e5ce1e0f72454594a524b66b0a71aa51,726427428
0x94dcfdf08ed75c7b7dc354fd18022da69ea234ef21d9633654ceacf1b8ae80cb,511050612
0xf1520359d8f2afa61cbd99e8a81bc8799d97990e32c146dcfefb340717eb62c6,735577599
0x8987b601e05322e166f29100b444bb3e16effdf4acf2b853f209c590c8d618bf,15727385
0x4622756179862e515e0b8722a022c32a2bf412b6cb49b482f372b1d2bb401073,916678449
0xbb591d8a554bb6c65f8d566d4ba4fbfe83304b749b6c6066cdc6e9431f05d77d,840584189
0x2b2cbd492502bd97ecde8734309f00d7c565bba187729c036197b11cb34785ff,666770376
0xef1c7e22fede9a88957aeaf74b2f85c4487d74a4d42177d41cf985a68dfb4180,308374166
0x1c92995f4a608d13caeebc01cf25947973b43067dfb7481b9cf02720f881f0ce,89734288
0xf615440cb333ffe34d4422feefd0a240e882ec0eeec754d5c464a721493da458,771058253
0xc53e412253e14f9547b17778ea0bea465bdc1dd250873b4e05b4fea7e6af1688,539653614
0x84b472560edaad7055888e5a73749909f9d3541572a6f2d583a69ad799a271d1,414057737
0x2137c4c054d04a070d4c7641a276143ea129e88a1dc195561269daca49cd755d,591213153
0x6f43a49a543c64aeb6a75d9ce44f4eb785a1e2c20588289b09c91557f676d579,279927964
0x5d680ea9a06b0ea366c5226c9302e8df0ca45f5b0fd679b60eb9e1ce1920b245,678611049
0xe5ccaadd5bc8097b0b33bff52020d3d8f6b25a308fdc71f2533f94e775bf74d7,72552365
0x7ca31740d72bf89b8d0e4396cdc1f466e346d7e6514bb1720b5358a38bfb0f90,441748863
